{
    "22666601": {
        "0xdecaDAc8778D088A30eE811b8Cc4eE72cED9Bf22": 1.0,
        "0xC12D5F26973FBA9D1E8583E1974De0F846bE342c": 1.0,
        "0x91dF501972C7E8E7860f3fBB4E0F7271839835d9": 1.0,
        "0x7a112A5d0D4954541e262b01D6a65Fd0F5434551": 0.9987,
        "0xb4bAC1b660E2161F3692FdF6cB362e93396899a7": 5.9789,
        "0x96AA7E4BA857087cf3b529012eDfe5a96F0412D6": 13.950099999999999,
        "0x082F554A92DA8311A8b6C62ba432b24F33790458": 44.973,
        "0x99E004714669CF776B31e9b4448994D4cCEb4fC0": 331.66769999999997,
        "0x099CCCE0153C7C2bcad3D14F61c7f488Cd938491": 321.3073,
        "0xAd097B4D01D88f48eaD9446eEccA314fF50DCf7E": 2490.134,
        "0xbA1333333333a1BA1108E8412f11850A5C319bA9": 308878.20860000007,
        "0x9726364F89A16D52e6bBd2b5e8e0ba5AB8572A59": 3981.2131,
        "0x6370E7e0BcD4C5b4382934CB4E63F0327C82455C": 0.5898000000000252,
        "0xE7492c49F71841D0f55F4F22C2eE22F024370840": 939081.3466,
        "0xeB078B73480913DA1600dB247478dEd62FD0E3C4": 35859.0383,
        "0x87902718982Fe8fdEE2244Eaab9E864d0d2d042a": 996050.0184000001,
        "0x21EF145C95cf69E113af5ee53C35a78f0707A225": 747014.3878,
        "0xc1C4ec74429327BB3AfD6C57dA11771D1414739D": 437798.84920000006,
        "0x97fC8Be7a4AC5E0cE074B21000F3AFbE83932b47": 4.9801,
        "0xB4D65C025B1189a67cF4dB99e2496F6eAdDE727e": 1039.8992,
        "0x0A20507fC1a33CBd15C5FD5197b259Ca644e7769": 0.0039000000106170774,
        "0x7169c1ba5A63F0007C075D1d6295b80663B4DAe6": 124501.36,
        "0x6DFa1A32604088EB969242AafFb92420F78373f6": 3.041350808349885e-13,
        "0x26605999F9AF4cef013b4D423c6eCb6727194170": 244.5183,
        "0xdd7B0d9d288e2F958c958BCd328b64812989259c": 4.98,
        "0x450EE27BD4eba22c80b449F387aa4eaF066E6E71": 1.992,
        "0xb0b31BF5c278b902CEa82D345E01B1645b9B7608": 0.1,
        "0xdab7A99E791B03686C68EA26Bae4c43A85177424": 0.002199999988079071,
        "0x013040BCc92Ca0bec2670d61f06DA7c36678222A": 3585.5887,
        "0x0A251dF99A88A20a93876205Fb7f5Faf2E85A481": 250.9909,
        "0x1b514df3413DA9931eB31f2Ab72e32c0A507Cad5": 0.996,
        "0x714aBA09497d8413023a7bb74cBe5310404e2CA2": 995.9954,
        "0x0A76cE3ffA3A674298FCDB23B8858691a96bAE03": 5508.1413,
        "0x0100e22f222753f6021abEB3F7E4AF4c57467cc9": 497.9974,
        "0x2D6B114c77F3355F204c37F657c680157e85dFA5": 0.0005000000001018634,
        "0x61329aDC9362B5906A6E098ac01616A70Fe57080": 69410.5491,
        "0x04Fd6A50df67D5c6Ca054E1a9C68aF00505eC67b": 19919.8718,
        "0x54E7896d8A409b74aa94AED084e1d075f2E7E346": 0.0007999999797903001,
        "0xFeEbB94ecca78583084926BE3D30D340C51f61B4": 2489.8227,
        "0x95D2602d30DA1179fd13274839e60345857ca648": 4090.2627,
        "0x1bb216120E8F939f520C610Bdc3C88aDAc4b06f7": 248.422,
        "0xC86c1AF5039ba93498706685488FDaD5EE06Fc9d": 1165.3117,
        "0xF700f345b925557a529c2e7D2eC16BA07fA6bF22": 995.9928,
        "0xCA0073964efe7f9422CeB16901018b1DB0cC4785": 2987.9742,
        "0xc27C45D6D420D80B57a85AB7AA479480b44EF6E2": 0.00010000000020227162,
        "0x28a3D83a2e9c21b03bF87df9008Fa128f4DC54A9": 1991.9813,
        "0x82EeE8e0Fb8585B1B5E95639536b46AA213991A4": 4282.7593,
        "0xd4eBAb386c6a74983110215E988F4aff3332861e": 243.5341,
        "0xc0F4FF91A5CE11BcB81BAE8079F4f7233bD773af": 8208.4757,
        "0xE8dEd23726E9982A80D8a95f25394c036C9E47a3": 199.198,
        "0x081FbA1F1Fcb617e125fF2376218211061aF3835": 9.999999747378752e-05,
        "0x11057165a115a5eF406Cd385010E7fe7fC635E89": 21.1708,
        "0x3f37009a844959eb83e619f3fd4b8c83D594D34C": 49.7995,
        "0x61DBfd006F35DdB87114656898C26689D39Ffa7e": 1249.9601,
        "0x214F6F303528120312C479f7BF254f060B235994": 14.9398,
        "0xa5e39F25b28B5A739B8ce8aef6C4B8BbD8ef0445": 0.00010000000111176632,
        "0x904E48884a43b6071308327B00717Eb699F58944": 1316.2814,
        "0x62CFdE4491a75587e2222E54F0C4960B63963d5E": 1493.1767,
        "0xaB578454F0878431E77D5dFA37B846113e9DEEaA": 3734.9543,
        "0x1A1E4708FCe01d805d6Ea468E3C1EF9D1106b1B5": 0.00029999999969732016,
        "0xdcf21f41e0a165786fA409fc34E089Ae1DA73700": 9959.8625,
        "0xA2Ba4ef52B09A2CAD0dcde8E5B86843f961fCa8f": 937.8772,
        "0x1119C4ce8F56d96a51b5A38260Fede037C7126F5": 100000.14249999999,
        "0x4c7E3cf8AEEb42bCC5d3e425BDE56ccE473Aa0F7": 995.9851,
        "0xeB0Cda1a52f9ac0bD5293bd65b52eD07168e1E8e": 24.907299999991665,
        "0x40B01aB4822403209F90e66b2bA598bEE0628420": 0.0019000000029336661,
        "0xB8e12DAf63314a9BAa71B1E39Baa4538637bF138": 1042277.8646,
        "0x01C2e7b1de06DA53Bd0EC82fdB59E5767b8c6dA1": 9.9599,
        "0x0c9b75A80Af53114b743e6beEadfb599965fBD75": 0.00010000000008858478,
        "0x6A1faC6b3466E29421F70d6eaa91A0De0F627eA2": 2489959.6544999997,
        "0x28d0F9b8af8752ab927d2D319e2C5827F5B13DAb": 24.6302,
        "0x08Adc0AFa45B68B5aF51022d4588d7178cfDd929": 52.8474,
        "0xC628face552d113E80931ef1348DE32f12Cf783f": 52.0598,
        "0xC83F481B92164B1F50cC16543a87CC8cdC0454BB": 9.999999974752427e-05,
        "0xbba2379F5cc9A2f248C5Cf18aD72379AE2478F42": 14939.723,
        "0xe60eE25527FCC145bE1A646E49e355A7Bb34d247": 104.0009,
        "0x27CC07f23d41aEE2e0EE61F38B3e135b9872a3bF": 4.2507,
        "0xc52A56C98e0703B91012106a480023f48d1182Cb": 19.9196,
        "0x393Ed52d860642B61c35bC6381EB9D7d210dF3E8": 99.19579999999999,
        "0x775289930378E0b29A983D3dcF4Ca7eCE7C8ae98": 355.5642,
        "0x84Ecf15af6fEC307aFeAB934b46947967Bc02d5f": 3.1563999999999997,
        "0x9b62f67D0E2677d40D93e59EAA0eC828C915dCCf": 189.2357,
        "0xA35338638b6C53A80b7B282cA7E195a63B67E992": 4977.3944,
        "0x7b6E1d869e32aDE209Bef692a11977f20e2C0570": 4979.8605,
        "0x02C3D6b350c2368A37Df172F8487fd85a166eF3C": 47.3086,
        "0x91bb44Da7795501Ee1CD4F092edB2642627669e1": 341.2133,
        "0x7a6CbD7A4562021FBdc0aC328c6C572Fd703087a": 3485.8947,
        "0x2A005D2F569A2e7d1cAf297373F8AE56191e2a13": 18147.9522,
        "0xb8C3a27680690887B3A73C122c6670d36F5C6aB3": 8963.7202,
        "0xC961f41C28922dC33fA1293551f03a446CefCa16": 458.1454,
        "0x0f3802Ee8bC9d5eDe19a3467A40Eb57De8C98135": 99291.0235,
        "0xbCaF9F779F0eef4064fb1Db9DE5b3A5f5300e2A2": 200.1094,
        "0xf4aAc1BD1335ED31C595b8dD3e03BAed725E90f9": 2389.0668,
        "0xE1766Ec6990ECb5ca7bB4929F49f356cd17e92bd": 69.7175,
        "0xF6fFC1d4a7e4ee72Ef969743A0e30A9D52CF3719": 994.9504,
        "0x8eCd0aC4E713a4915eaA45Ec905360a7e36e40a6": 4.939399999999999,
        "0xf8938aDdf94eF38295CD0666B5C1F31e447ED034": 20.9152,
        "0x8370a61228cc55CE58e26DD80956a48664177e02": 3708.3155,
        "0xDBaD6eB198299314C873d7f6BBB0508233CC0442": 118.29,
        "0x2A68959d751a53c791871c7af3E323Eaa8C42C77": 111.8443,
        "0x8bdee00F8851DdD7C9ac040D55612e2451Df67C1": 9.958899999999998,
        "0x45059dbFF2D626726aeA00B4CCd1F2C08D760476": 21.9035,
        "0xe649B7B33ac5CEfc00eBc728338B28cc63feCe20": 0.4641999999876134,
        "0x5cdd3c152681EeBD2cA666fc2ce3cFA4443bAFCC": 0.002300000000104774,
        "0x9325715b72B5018DDC5629902A8b9A35a7E60e46": 10.4129,
        "0x16f037a3dDf53dA1b047A926E1833219F0a8E1FC": 0.00990000000456348,
        "0x250238204c9859C303D44b414A546FEe4999E79f": 995.7756,
        "0x11d67Fa925877813B744aBC0917900c2b1D6Eb81": 99575.6109,
        "0x106ADC03064f16b7A80385c948e373852A256Ab2": 151.2514,
        "0x71e7e9007fFe135Ce1ef02D5d5C1512d1F672013": 5548.1092
    }
}